{
  "run_command": "py -m evaluation.ragas_eval --export",
  "exported_at": "2026-06-16 14:34:11",
  "query_count": 7,
  "run_metrics": {
    "avg_faithfulness": 0.9096282372598161,
    "avg_relevancy": 0.6886416687936817,
    "avg_context_precision": 0.6537414965551233,
    "top_similarity": {
      "avg": 0.7940391423597456,
      "max": 0.8343583314846015,
      "min": 0.7531265539115852,
      "values": [
        0.7531265539115852,
        0.8104096966737704,
        0.8343583314846015,
        0.7665276527404785,
        0.8189262639836244,
        0.7718999657750225,
        0.8030255319491361
      ]
    }
  },
  "results": [
    {
      "query": "What are the setback requirements for a residential fence in Dallas?",
      "municipality": "dallas",
      "num_chunks": 10,
      "top_similarity": 0.7531265539115852,
      "faithfulness": 0.8666666666666667,
      "relevancy": 0.0,
      "context_precision": 0.3333333333,
      "latency_retrieval_ms": 8350,
      "latency_generation_ms": 5368,
      "latency_scoring_ms": 183593,
      "most_relevant_chunk_id": "d0a2724e-0da2-4751-a504-a43e0f0add01",
      "most_relevant_doc_id": "city-of-dallas-ordiance-v3",
      "answer_cache_hit": null,
      "error": null
    },
    {
      "query": "Do I need a permit for electrical work in Texas?",
      "municipality": null,
      "num_chunks": 10,
      "top_similarity": 0.8104096966737704,
      "faithfulness": 0.875,
      "relevancy": 0.9393707338548214,
      "context_precision": 0.5249999999868751,
      "latency_retrieval_ms": 255,
      "latency_generation_ms": 5440,
      "latency_scoring_ms": 205785,
      "most_relevant_chunk_id": "444343da-6436-4e00-b07b-04717c31c78b",
      "most_relevant_doc_id": "texas-contractor-licensing-electrical",
      "answer_cache_hit": null,
      "error": null
    },
    {
      "query": "What are the ADA accessibility requirements for commercial buildings?",
      "municipality": null,
      "num_chunks": 10,
      "top_similarity": 0.8343583314846015,
      "faithfulness": 0.8421052631578947,
      "relevancy": 1.0,
      "context_precision": 0.6428571428410713,
      "latency_retrieval_ms": 208,
      "latency_generation_ms": 5424,
      "latency_scoring_ms": 194517,
      "most_relevant_chunk_id": "81f70952-9f3c-4b53-a2a7-4d2abbda598b",
      "most_relevant_doc_id": "ada-design-standards",
      "answer_cache_hit": null,
      "error": null
    },
    {
      "query": "What is the stormwater management plan requirement for construction sites?",
      "municipality": null,
      "num_chunks": 10,
      "top_similarity": 0.7665276527404785,
      "faithfulness": 1.0,
      "relevancy": 0.9933213482805028,
      "context_precision": 0.6999999999766667,
      "latency_retrieval_ms": 210,
      "latency_generation_ms": 5912,
      "latency_scoring_ms": 198237,
      "most_relevant_chunk_id": "8abe2dc3-2add-4069-8c2b-2e97514b9fa2",
      "most_relevant_doc_id": "epa-stormwater-construction",
      "answer_cache_hit": null,
      "error": null
    },
    {
      "query": "What are the building permit requirements in Plano?",
      "municipality": "plano",
      "num_chunks": 10,
      "top_similarity": 0.8189262639836244,
      "faithfulness": 0.8947368421052632,
      "relevancy": 0.0,
      "context_precision": 0.37499999998125,
      "latency_retrieval_ms": 193,
      "latency_generation_ms": 4887,
      "latency_scoring_ms": 200134,
      "most_relevant_chunk_id": "b69a8dff-404f-43ed-b63d-a40b7d60a58b",
      "most_relevant_doc_id": "plano-2",
      "answer_cache_hit": null,
      "error": null
    },
    {
      "query": "What are the fire sprinkler requirements for new construction in Dallas?",
      "municipality": "dallas",
      "num_chunks": 10,
      "top_similarity": 0.7718999657750225,
      "faithfulness": 1.0,
      "relevancy": 0.9568466797054693,
      "context_precision": 0.9999999999,
      "latency_retrieval_ms": 178,
      "latency_generation_ms": 5267,
      "latency_scoring_ms": 200910,
      "most_relevant_chunk_id": "7b7018c0-5f36-4a13-8185-bd8a9eb540f4",
      "most_relevant_doc_id": "dallas-fire-code-2021",
      "answer_cache_hit": null,
      "error": null
    },
    {
      "query": "What is the maximum building height allowed in a residential zone?",
      "municipality": "dallas",
      "num_chunks": 10,
      "top_similarity": 0.8030255319491361,
      "faithfulness": 0.8888888888888888,
      "relevancy": 0.9309529197149787,
      "context_precision": 0.9999999999,
      "latency_retrieval_ms": 177,
      "latency_generation_ms": 3908,
      "latency_scoring_ms": 194166,
      "most_relevant_chunk_id": "4ac6f103-7f68-4dc8-9cdc-7a5f9cacc71f",
      "most_relevant_doc_id": "city-of-dallas-ordiance-v3",
      "answer_cache_hit": null,
      "error": null
    }
  ]
}