{
  "run_command": "py -m evaluation.ragas_eval --export",
  "exported_at": "2026-06-01 01:03:52",
  "query_count": 7,
  "run_metrics": {
    "avg_faithfulness": 0.8990380362671385,
    "avg_relevancy": 0.82976753956131,
    "avg_context_precision": 0.6692290249023412,
    "top_similarity": {
      "avg": 0.7895944005972405,
      "max": 0.8189262639836244,
      "min": 0.7620133615740495,
      "values": [
        0.7620133615740495,
        0.7904096966737704,
        0.8143583314846015,
        0.7665276527404785,
        0.8189262639836244,
        0.7718999657750225,
        0.8030255319491361
      ]
    }
  },
  "results": [
    {
      "query": "What are the setback requirements for a residential fence in Dallas?",
      "municipality": "dallas",
      "num_chunks": 10,
      "top_similarity": 0.7620133615740495,
      "faithfulness": 0.8,
      "relevancy": 0.0,
      "context_precision": 0.19999999998,
      "latency_retrieval_ms": 4352,
      "latency_generation_ms": 4074,
      "latency_scoring_ms": 194044,
      "most_relevant_chunk_id": "3c46c011-449c-48aa-8642-1c6eafcd6f68",
      "most_relevant_doc_id": "city-of-dallas-ordiance-v3",
      "answer_cache_hit": null,
      "error": null
    },
    {
      "query": "Do I need a permit for electrical work in Texas?",
      "municipality": null,
      "num_chunks": 10,
      "top_similarity": 0.7904096966737704,
      "faithfulness": 0.8235294117647058,
      "relevancy": 0.9393707338548214,
      "context_precision": 0.6683333333199667,
      "latency_retrieval_ms": 752,
      "latency_generation_ms": 4693,
      "latency_scoring_ms": 190874,
      "most_relevant_chunk_id": "444343da-6436-4e00-b07b-04717c31c78b",
      "most_relevant_doc_id": "texas-contractor-licensing-electrical",
      "answer_cache_hit": null,
      "error": null
    },
    {
      "query": "What are the ADA accessibility requirements for commercial buildings?",
      "municipality": null,
      "num_chunks": 10,
      "top_similarity": 0.8143583314846015,
      "faithfulness": 0.8947368421052632,
      "relevancy": 1.0,
      "context_precision": 0.7190476190356349,
      "latency_retrieval_ms": 216,
      "latency_generation_ms": 4303,
      "latency_scoring_ms": 195717,
      "most_relevant_chunk_id": "81f70952-9f3c-4b53-a2a7-4d2abbda598b",
      "most_relevant_doc_id": "ada-design-standards",
      "answer_cache_hit": null,
      "error": null
    },
    {
      "query": "What is the stormwater management plan requirement for construction sites?",
      "municipality": null,
      "num_chunks": 10,
      "top_similarity": 0.7665276527404785,
      "faithfulness": 0.9,
      "relevancy": 0.9933213482805028,
      "context_precision": 0.8055555555287036,
      "latency_retrieval_ms": 209,
      "latency_generation_ms": 5763,
      "latency_scoring_ms": 194331,
      "most_relevant_chunk_id": "8abe2dc3-2add-4069-8c2b-2e97514b9fa2",
      "most_relevant_doc_id": "epa-stormwater-construction",
      "answer_cache_hit": null,
      "error": null
    },
    {
      "query": "What are the building permit requirements in Plano?",
      "municipality": "plano",
      "num_chunks": 10,
      "top_similarity": 0.8189262639836244,
      "faithfulness": 1.0,
      "relevancy": 1.0,
      "context_precision": 0.2916666666520833,
      "latency_retrieval_ms": 218,
      "latency_generation_ms": 5284,
      "latency_scoring_ms": 195752,
      "most_relevant_chunk_id": "b69a8dff-404f-43ed-b63d-a40b7d60a58b",
      "most_relevant_doc_id": "plano-2",
      "answer_cache_hit": null,
      "error": null
    },
    {
      "query": "What are the fire sprinkler requirements for new construction in Dallas?",
      "municipality": "dallas",
      "num_chunks": 10,
      "top_similarity": 0.7718999657750225,
      "faithfulness": 1.0,
      "relevancy": 0.9568466797054693,
      "context_precision": 0.9999999999,
      "latency_retrieval_ms": 163,
      "latency_generation_ms": 4757,
      "latency_scoring_ms": 195427,
      "most_relevant_chunk_id": "7b7018c0-5f36-4a13-8185-bd8a9eb540f4",
      "most_relevant_doc_id": "dallas-fire-code-2021",
      "answer_cache_hit": null,
      "error": null
    },
    {
      "query": "What is the maximum building height allowed in a residential zone?",
      "municipality": "dallas",
      "num_chunks": 10,
      "top_similarity": 0.8030255319491361,
      "faithfulness": 0.875,
      "relevancy": 0.9188340150883775,
      "context_precision": 0.9999999999,
      "latency_retrieval_ms": 153,
      "latency_generation_ms": 3343,
      "latency_scoring_ms": 190755,
      "most_relevant_chunk_id": "4ac6f103-7f68-4dc8-9cdc-7a5f9cacc71f",
      "most_relevant_doc_id": "city-of-dallas-ordiance-v3",
      "answer_cache_hit": null,
      "error": null
    }
  ]
}