{
  "run_command": "py -m evaluation.ragas_eval --export",
  "exported_at": "2026-06-02 14:18:21",
  "query_count": 7,
  "run_metrics": {
    "avg_faithfulness": 0.8947579031612645,
    "avg_relevancy": 0.8376635716929003,
    "avg_context_precision": 0.6380498865915488,
    "top_similarity": {
      "avg": 0.7895944005972405,
      "max": 0.8189262639836244,
      "min": 0.7620133615740495,
      "values": [
        0.7620133615740495,
        0.7904096966737704,
        0.8143583314846015,
        0.7665276527404785,
        0.8189262639836244,
        0.7718999657750225,
        0.8030255319491361
      ]
    }
  },
  "results": [
    {
      "query": "What are the setback requirements for a residential fence in Dallas?",
      "municipality": "dallas",
      "num_chunks": 10,
      "top_similarity": 0.7620133615740495,
      "faithfulness": 0.7142857142857143,
      "relevancy": 0.0,
      "context_precision": 0.19999999998,
      "latency_retrieval_ms": 4054,
      "latency_generation_ms": 3389,
      "latency_scoring_ms": 193064,
      "most_relevant_chunk_id": "3c46c011-449c-48aa-8642-1c6eafcd6f68",
      "most_relevant_doc_id": "city-of-dallas-ordiance-v3",
      "answer_cache_hit": null,
      "error": null
    },
    {
      "query": "Do I need a permit for electrical work in Texas?",
      "municipality": null,
      "num_chunks": 10,
      "top_similarity": 0.7904096966737704,
      "faithfulness": 0.8823529411764706,
      "relevancy": 0.9393707338548214,
      "context_precision": 0.6218253968150331,
      "latency_retrieval_ms": 504,
      "latency_generation_ms": 4455,
      "latency_scoring_ms": 195298,
      "most_relevant_chunk_id": "444343da-6436-4e00-b07b-04717c31c78b",
      "most_relevant_doc_id": "texas-contractor-licensing-electrical",
      "answer_cache_hit": null,
      "error": null
    },
    {
      "query": "What are the ADA accessibility requirements for commercial buildings?",
      "municipality": null,
      "num_chunks": 10,
      "top_similarity": 0.8143583314846015,
      "faithfulness": 0.875,
      "relevancy": 1.0,
      "context_precision": 0.8261904761739525,
      "latency_retrieval_ms": 217,
      "latency_generation_ms": 4883,
      "latency_scoring_ms": 194173,
      "most_relevant_chunk_id": "81f70952-9f3c-4b53-a2a7-4d2abbda598b",
      "most_relevant_doc_id": "ada-design-standards",
      "answer_cache_hit": null,
      "error": null
    },
    {
      "query": "What is the stormwater management plan requirement for construction sites?",
      "municipality": null,
      "num_chunks": 10,
      "top_similarity": 0.7665276527404785,
      "faithfulness": 0.9166666666666666,
      "relevancy": 0.9933213482805028,
      "context_precision": 0.7683333333179667,
      "latency_retrieval_ms": 232,
      "latency_generation_ms": 5423,
      "latency_scoring_ms": 191574,
      "most_relevant_chunk_id": "8abe2dc3-2add-4069-8c2b-2e97514b9fa2",
      "most_relevant_doc_id": "epa-stormwater-construction",
      "answer_cache_hit": null,
      "error": null
    },
    {
      "query": "What are the building permit requirements in Plano?",
      "municipality": "plano",
      "num_chunks": 10,
      "top_similarity": 0.8189262639836244,
      "faithfulness": 1.0,
      "relevancy": 1.0,
      "context_precision": 0.3833333333205555,
      "latency_retrieval_ms": 136,
      "latency_generation_ms": 5325,
      "latency_scoring_ms": 205831,
      "most_relevant_chunk_id": "b69a8dff-404f-43ed-b63d-a40b7d60a58b",
      "most_relevant_doc_id": "plano-2",
      "answer_cache_hit": null,
      "error": null
    },
    {
      "query": "What are the fire sprinkler requirements for new construction in Dallas?",
      "municipality": "dallas",
      "num_chunks": 10,
      "top_similarity": 0.7718999657750225,
      "faithfulness": 1.0,
      "relevancy": 0.9999999999999998,
      "context_precision": 0.6666666666333333,
      "latency_retrieval_ms": 160,
      "latency_generation_ms": 4600,
      "latency_scoring_ms": 193512,
      "most_relevant_chunk_id": "7b7018c0-5f36-4a13-8185-bd8a9eb540f4",
      "most_relevant_doc_id": "dallas-fire-code-2021",
      "answer_cache_hit": null,
      "error": null
    },
    {
      "query": "What is the maximum building height allowed in a residential zone?",
      "municipality": "dallas",
      "num_chunks": 10,
      "top_similarity": 0.8030255319491361,
      "faithfulness": 0.875,
      "relevancy": 0.9309529197149787,
      "context_precision": 0.9999999999,
      "latency_retrieval_ms": 182,
      "latency_generation_ms": 3736,
      "latency_scoring_ms": 189362,
      "most_relevant_chunk_id": "4ac6f103-7f68-4dc8-9cdc-7a5f9cacc71f",
      "most_relevant_doc_id": "city-of-dallas-ordiance-v3",
      "answer_cache_hit": null,
      "error": null
    }
  ]
}