{
  "run_command": "py -m evaluation.ragas_eval --export",
  "exported_at": "2026-06-01 11:21:37",
  "query_count": 7,
  "run_metrics": {
    "avg_faithfulness": 0.8936000716075904,
    "avg_relevancy": 0.8376635716929003,
    "avg_context_precision": 0.640682701619769,
    "top_similarity": {
      "avg": 0.7895944005972405,
      "max": 0.8189262639836244,
      "min": 0.7620133615740495,
      "values": [
        0.7620133615740495,
        0.7904096966737704,
        0.8143583314846015,
        0.7665276527404785,
        0.8189262639836244,
        0.7718999657750225,
        0.8030255319491361
      ]
    }
  },
  "results": [
    {
      "query": "What are the setback requirements for a residential fence in Dallas?",
      "municipality": "dallas",
      "num_chunks": 10,
      "top_similarity": 0.7620133615740495,
      "faithfulness": 0.7,
      "relevancy": 0.0,
      "context_precision": 0.19999999998,
      "latency_retrieval_ms": 4763,
      "latency_generation_ms": 3845,
      "latency_scoring_ms": 103247,
      "most_relevant_chunk_id": "3c46c011-449c-48aa-8642-1c6eafcd6f68",
      "most_relevant_doc_id": "city-of-dallas-ordiance-v3",
      "answer_cache_hit": null,
      "error": null
    },
    {
      "query": "Do I need a permit for electrical work in Texas?",
      "municipality": null,
      "num_chunks": 10,
      "top_similarity": 0.7904096966737704,
      "faithfulness": 0.9333333333333333,
      "relevancy": 0.9393707338548214,
      "context_precision": 0.7083900226656171,
      "latency_retrieval_ms": 627,
      "latency_generation_ms": 3837,
      "latency_scoring_ms": 103138,
      "most_relevant_chunk_id": "444343da-6436-4e00-b07b-04717c31c78b",
      "most_relevant_doc_id": "texas-contractor-licensing-electrical",
      "answer_cache_hit": null,
      "error": null
    },
    {
      "query": "What are the ADA accessibility requirements for commercial buildings?",
      "municipality": null,
      "num_chunks": 10,
      "top_similarity": 0.8143583314846015,
      "faithfulness": 0.8421052631578947,
      "relevancy": 1.0,
      "context_precision": 0.7708333333140625,
      "latency_retrieval_ms": 283,
      "latency_generation_ms": 4586,
      "latency_scoring_ms": 124096,
      "most_relevant_chunk_id": "81f70952-9f3c-4b53-a2a7-4d2abbda598b",
      "most_relevant_doc_id": "ada-design-standards",
      "answer_cache_hit": null,
      "error": null
    },
    {
      "query": "What is the stormwater management plan requirement for construction sites?",
      "municipality": null,
      "num_chunks": 10,
      "top_similarity": 0.7665276527404785,
      "faithfulness": 0.9047619047619048,
      "relevancy": 0.9933213482805028,
      "context_precision": 0.8055555555287036,
      "latency_retrieval_ms": 381,
      "latency_generation_ms": 6836,
      "latency_scoring_ms": 126905,
      "most_relevant_chunk_id": "8abe2dc3-2add-4069-8c2b-2e97514b9fa2",
      "most_relevant_doc_id": "epa-stormwater-construction",
      "answer_cache_hit": null,
      "error": null
    },
    {
      "query": "What are the building permit requirements in Plano?",
      "municipality": "plano",
      "num_chunks": 10,
      "top_similarity": 0.8189262639836244,
      "faithfulness": 1.0,
      "relevancy": 1.0,
      "context_precision": 0.33333333331666665,
      "latency_retrieval_ms": 473,
      "latency_generation_ms": 5773,
      "latency_scoring_ms": 128519,
      "most_relevant_chunk_id": "b69a8dff-404f-43ed-b63d-a40b7d60a58b",
      "most_relevant_doc_id": "plano-2",
      "answer_cache_hit": null,
      "error": null
    },
    {
      "query": "What are the fire sprinkler requirements for new construction in Dallas?",
      "municipality": "dallas",
      "num_chunks": 10,
      "top_similarity": 0.7718999657750225,
      "faithfulness": 1.0,
      "relevancy": 0.9999999999999998,
      "context_precision": 0.6666666666333333,
      "latency_retrieval_ms": 340,
      "latency_generation_ms": 5477,
      "latency_scoring_ms": 135431,
      "most_relevant_chunk_id": "7b7018c0-5f36-4a13-8185-bd8a9eb540f4",
      "most_relevant_doc_id": "dallas-fire-code-2021",
      "answer_cache_hit": null,
      "error": null
    },
    {
      "query": "What is the maximum building height allowed in a residential zone?",
      "municipality": "dallas",
      "num_chunks": 10,
      "top_similarity": 0.8030255319491361,
      "faithfulness": 0.875,
      "relevancy": 0.9309529197149787,
      "context_precision": 0.9999999999,
      "latency_retrieval_ms": 325,
      "latency_generation_ms": 4619,
      "latency_scoring_ms": 126176,
      "most_relevant_chunk_id": "4ac6f103-7f68-4dc8-9cdc-7a5f9cacc71f",
      "most_relevant_doc_id": "city-of-dallas-ordiance-v3",
      "answer_cache_hit": null,
      "error": null
    }
  ]
}