{
  "run_command": "py -m evaluation.ragas_eval --export",
  "exported_at": "2026-06-16 22:41:41",
  "query_count": 7,
  "run_metrics": {
    "avg_faithfulness": 0.810077574889605,
    "avg_relevancy": 0.8161933953712411,
    "avg_context_precision": 0.6137825963426605,
    "top_similarity": {
      "avg": 0.7960908129748042,
      "max": 0.8189262639836244,
      "min": 0.7620133615740495,
      "values": [
        0.7620133615740495,
        0.7990125657305043,
        0.8143583314846015,
        0.8033996703266916,
        0.8189262639836244,
        0.7718999657750225,
        0.8030255319491361
      ]
    }
  },
  "results": [
    {
      "query": "What are the setback requirements for a residential fence in Dallas?",
      "municipality": "dallas",
      "num_chunks": 10,
      "top_similarity": 0.7620133615740495,
      "faithfulness": 0.7142857142857143,
      "relevancy": 0.0,
      "context_precision": 0.19999999998,
      "latency_retrieval_ms": 6417,
      "latency_generation_ms": 3497,
      "latency_scoring_ms": 197702,
      "most_relevant_chunk_id": "3c46c011-449c-48aa-8642-1c6eafcd6f68",
      "most_relevant_doc_id": "city-of-dallas-ordiance-v3",
      "answer_cache_hit": null,
      "error": null
    },
    {
      "query": "Do I need a permit for electrical work in Texas?",
      "municipality": null,
      "num_chunks": 10,
      "top_similarity": 0.7990125657305043,
      "faithfulness": 0.72,
      "relevancy": 0.9475522855183524,
      "context_precision": 0.9206845237980152,
      "latency_retrieval_ms": 547,
      "latency_generation_ms": 5393,
      "latency_scoring_ms": 220388,
      "most_relevant_chunk_id": "93fa91b4-1fe1-4f30-a1f9-94b61d12fb51",
      "most_relevant_doc_id": "ftworth-tx-1",
      "answer_cache_hit": null,
      "error": null
    },
    {
      "query": "What are the ADA accessibility requirements for commercial buildings?",
      "municipality": null,
      "num_chunks": 10,
      "top_similarity": 0.8143583314846015,
      "faithfulness": 0.9,
      "relevancy": 0.9940389429309223,
      "context_precision": 0.7190476190356349,
      "latency_retrieval_ms": 393,
      "latency_generation_ms": 5302,
      "latency_scoring_ms": 204677,
      "most_relevant_chunk_id": "81f70952-9f3c-4b53-a2a7-4d2abbda598b",
      "most_relevant_doc_id": "ada-design-standards",
      "answer_cache_hit": null,
      "error": null
    },
    {
      "query": "What is the stormwater management plan requirement for construction sites?",
      "municipality": null,
      "num_chunks": 10,
      "top_similarity": 0.8033996703266916,
      "faithfulness": 1.0,
      "relevancy": 0.8843211350654027,
      "context_precision": 0.36944444443212965,
      "latency_retrieval_ms": 569,
      "latency_generation_ms": 5883,
      "latency_scoring_ms": 196923,
      "most_relevant_chunk_id": "d91e4a04-1fe5-4d59-8a4b-5bfdcfac5979",
      "most_relevant_doc_id": "ftworth-tx-1",
      "answer_cache_hit": null,
      "error": null
    },
    {
      "query": "What are the building permit requirements in Plano?",
      "municipality": "plano",
      "num_chunks": 10,
      "top_similarity": 0.8189262639836244,
      "faithfulness": 0.8888888888888888,
      "relevancy": 0.9686073889956338,
      "context_precision": 0.3373015872903439,
      "latency_retrieval_ms": 766,
      "latency_generation_ms": 7249,
      "latency_scoring_ms": 204108,
      "most_relevant_chunk_id": "b69a8dff-404f-43ed-b63d-a40b7d60a58b",
      "most_relevant_doc_id": "plano-2",
      "answer_cache_hit": null,
      "error": null
    },
    {
      "query": "What are the fire sprinkler requirements for new construction in Dallas?",
      "municipality": "dallas",
      "num_chunks": 10,
      "top_similarity": 0.7718999657750225,
      "faithfulness": 0.9473684210526315,
      "relevancy": 0.9999999999999998,
      "context_precision": 0.9999999999,
      "latency_retrieval_ms": 546,
      "latency_generation_ms": 5713,
      "latency_scoring_ms": 204039,
      "most_relevant_chunk_id": "7b7018c0-5f36-4a13-8185-bd8a9eb540f4",
      "most_relevant_doc_id": "dallas-fire-code-2021",
      "answer_cache_hit": null,
      "error": null
    },
    {
      "query": "What is the maximum building height allowed in a residential zone?",
      "municipality": "dallas",
      "num_chunks": 10,
      "top_similarity": 0.8030255319491361,
      "faithfulness": 0.5,
      "relevancy": 0.9188340150883775,
      "context_precision": 0.7499999999625,
      "latency_retrieval_ms": 411,
      "latency_generation_ms": 4217,
      "latency_scoring_ms": 222579,
      "most_relevant_chunk_id": "4ac6f103-7f68-4dc8-9cdc-7a5f9cacc71f",
      "most_relevant_doc_id": "city-of-dallas-ordiance-v3",
      "answer_cache_hit": null,
      "error": null
    }
  ]
}